CREATE TABLE STATES(STATE_ID INT PRIMARY KEY,STATE_NAME VARCHAR(40) NOT NULL,STATE_CODE INT)

INSERT INTO STATES VALUES (1,'ANDHRAPRADESH',500044)
INSERT INTO STATES VALUES (2,'TELANGANA',500045)
INSERT INTO STATES VALUES (3,'DEHLI',500046)
INSERT INTO STATES VALUES (4,'TAMILNADU',500047)
INSERT INTO STATES VALUES (5,'KERALA',500048)
INSERT INTO STATES VALUES (6,'GOA',500049)

SELECT * FROM STATES

CREATE TABLE DISTRICT(DISTRICT_ID INT NOT NULL PRIMARY KEY,DISTRICT_NAME VARCHAR(40) NOT NULL,STATE_ID INT REFERENCES STATES(STATE_ID))

INSERT INTO DISTRICT VALUES (101,'ELURU',1)
INSERT INTO DISTRICT VALUES (102,'HYDERABAD',2)
INSERT INTO DISTRICT VALUES (103,'VIZAG',1)
INSERT INTO DISTRICT VALUES (104,'CHENNAI',4)
INSERT INTO DISTRICT VALUES (105,'NEW DEHLI',3)
INSERT INTO DISTRICT VALUES (106,'SOUTH DEHLI',3)
INSERT INTO DISTRICT VALUES (107,'NORTH GOA',6)
INSERT INTO DISTRICT VALUES (108,'IDUKKI',5)
INSERT INTO DISTRICT VALUES (109,'SOUTH GOA',6)
INSERT INTO DISTRICT VALUES (110,'KOTTAYAM',5)
INSERT INTO DISTRICT VALUES (111,'RANGAREDDY',2)
INSERT INTO DISTRICT VALUES (112,'MADHURAYOAL',4)
INSERT INTO DISTRICT VALUES (113,'KHAMAMA',1)

SELECT * FROM DISTRICT

SELECT * FROM STATES S JOIN DISTRICT D ON S.STATE_ID = D.STATE_ID

CREATE TABLE USERINFO(USER_ID INT NOT NULL PRIMARY KEY,USER_NAME VARCHAR(40),EMAIL VARCHAR(50),STATE_ID INT REFERENCES STATES(STATE_ID))

INSERT INTO USERINFO VALUES (1,'DILEEP','DILEEP@GMAIL.COM',1)
INSERT INTO USERINFO VALUES (2,'GANESH','GANESH@GMAIL.COM2',1)
INSERT INTO USERINFO VALUES (3,'SAI','SAI@GMAIL.COM',2)
INSERT INTO USERINFO VALUES (4,'PAVAN','PAVAN@GMAIL.COM',5)
INSERT INTO USERINFO VALUES (5,'SIVA','SIVA@GMAIL.COM',3)
INSERT INTO USERINFO VALUES (6,'ARUN','ARUN@GMAIL.COM',4)
INSERT INTO USERINFO VALUES (7,'KOTI','KOTI@GMAIL.COM',2)
INSERT INTO USERINFO VALUES (8,'CHARAN','CHARAN@GMAIL.COM',4)
INSERT INTO USERINFO VALUES (9,'AMK','AMK@GMAIL.COM',6)
INSERT INTO USERINFO VALUES (10,'LUDO','LUDO@GMAIL.COM',6)
INSERT INTO USERINFO VALUES (11,'KAYLAN','KAYLAN@GMAIL.COM',5)
INSERT INTO USERINFO VALUES (12,'OP','OP@GMAIL.COM',1)
INSERT INTO USERINFO VALUES (13,'VAMSI','VAMSI@GMAIL.COM',3)

UPDATE USERINFO SET STATE_ID = NULL WHERE USER_ID IN(12,5,8)

SELECT * FROM USERINFO

SELECT * FROM USERINFO U JOIN STATES S ON U.STATE_ID = S.STATE_ID

SELECT * FROM USERINFO U LEFT JOIN STATES S ON U.STATE_ID = S.STATE_ID

SELECT * FROM USERINFO U RIGHT JOIN STATES S ON U.STATE_ID = S.STATE_ID

SELECT * FROM USERINFO U FULL OUTER JOIN STATES S ON U.STATE_ID = S.STATE_ID
